<?xml version="1.0" encoding="UTF-8" standalone="no"?>
<root>
	<AV_count>3</AV_count>
	<BV_count>3</BV_count>
	<SCHEDULE_count>1</SCHEDULE_count>

	<key  number="1001001">
		<Object_Name>ANALOG INPUT1 </Object_Name>
		<Offset>0.000</Offset>
		<Description>ANALOG INPUT 1</Description>
		<Device_Type>0-10=0-100</Device_Type>
		<Units>98</Units>
		<Min_Pres_Value>0.000</Min_Pres_Value>
		<Max_Pres_Value>100.000</Max_Pres_Value>
		<COV_Increment>1.000</COV_Increment>
		<High_Limit>100.000</High_Limit>
		<Low_Limit>0.000</Low_Limit>
		<Deadband>0.000</Deadband>
		<Limit_Enable>0</Limit_Enable>
		<Event_Enable>0</Event_Enable>
		<Notify_Type>0</Notify_Type>
		<Time_Delay>0</Time_Delay>
		<Notification_Class>1</Notification_Class>
	</key>
	<key  number="1001002">
		<Object_Name>ANALOG INPUT2 </Object_Name>
		<Offset>0.000</Offset>
		<Description>ANALOG INPUT 2</Description>
		<Device_Type>NTC20K</Device_Type>
		<Units>98</Units>
		<Min_Pres_Value>0.000</Min_Pres_Value>
		<Max_Pres_Value>100.000</Max_Pres_Value>
		<COV_Increment>1.000</COV_Increment>
		<High_Limit>100.000</High_Limit>
		<Low_Limit>0.000</Low_Limit>
		<Deadband>0.000</Deadband>
		<Limit_Enable>0</Limit_Enable>
		<Event_Enable>0</Event_Enable>
		<Notify_Type>0</Notify_Type>
		<Time_Delay>0</Time_Delay>
		<Notification_Class>1</Notification_Class>
	</key>
	<key  number="1001003">
		<Object_Name>ANALOG INPUT3 </Object_Name>
		<Offset>0.000</Offset>
		<Description>ANALOG INPUT3</Description>
		<Device_Type>NTC20K</Device_Type>
		<Units>98</Units>
		<Min_Pres_Value>0.000</Min_Pres_Value>
		<Max_Pres_Value>100.000</Max_Pres_Value>
		<COV_Increment>1.000</COV_Increment>
		<High_Limit>100.000</High_Limit>
		<Low_Limit>0.000</Low_Limit>
		<Deadband>0.000</Deadband>
		<Limit_Enable>0</Limit_Enable>
		<Event_Enable>0</Event_Enable>
		<Notify_Type>0</Notify_Type>
		<Time_Delay>0</Time_Delay>
		<Notification_Class>1</Notification_Class>
	</key>
	<key  number="1001004">
		<Object_Name>ANALOG INPUT4 </Object_Name>
		<Offset>0.000</Offset>
		<Description>ANALOG INPUT 4</Description>
		<Device_Type>0-10=0-100</Device_Type>
		<Units>98</Units>
		<Min_Pres_Value>0.000</Min_Pres_Value>
		<Max_Pres_Value>100.000</Max_Pres_Value>
		<COV_Increment>1.000</COV_Increment>
		<High_Limit>100.000</High_Limit>
		<Low_Limit>0.000</Low_Limit>
		<Deadband>0.000</Deadband>
		<Limit_Enable>0</Limit_Enable>
		<Event_Enable>0</Event_Enable>
		<Notify_Type>0</Notify_Type>
		<Time_Delay>0</Time_Delay>
		<Notification_Class>1</Notification_Class>
	</key>
	<key  number="1001101">
		<Object_Name>ANALOG OUTPUT1</Object_Name>
		<Offset>1.000</Offset>
		<Description>ANALOG OUTPUT1</Description>
		<Device_Type>0-10=0-100</Device_Type>
		<COV_Increment>0.500</COV_Increment>
		<High_Limit>100</High_Limit>
		<Low_Limit>0.000</Low_Limit>
		<Deadband>0.000</Deadband>
		<Limit_Enable>0</Limit_Enable>
		<Event_Enable>0</Event_Enable>
		<Notify_Type>0</Notify_Type>
		<Time_Delay>0</Time_Delay>
		<Notification_Class>1</Notification_Class>
	</key>
	<key  number="1001102">
		<Object_Name>ANALOG OUTPUT2</Object_Name>
		<Offset>1.000</Offset>
		<Description>ANALOG OUTPUT2</Description>
		<Device_Type>0-10=0-100</Device_Type>
		<COV_Increment>0.500</COV_Increment>
		<High_Limit>100</High_Limit>
		<Low_Limit>0.000</Low_Limit>
		<Deadband>0.000</Deadband>
		<Limit_Enable>0</Limit_Enable>
		<Event_Enable>0</Event_Enable>
		<Notify_Type>0</Notify_Type>
		<Time_Delay>0</Time_Delay>
		<Notification_Class>1</Notification_Class>
	</key>
	<key  number="1001103">
		<Object_Name>ANALOG OUTPUT3</Object_Name>
		<Offset>1.000</Offset>
		<Description>ANALOG OUTPUT 3</Description>
		<Device_Type>0-10=0-100</Device_Type>
		<COV_Increment>0.500</COV_Increment>
		<High_Limit>100</High_Limit>
		<Low_Limit>0.000</Low_Limit>
		<Deadband>0.000</Deadband>
		<Limit_Enable>0</Limit_Enable>
		<Event_Enable>0</Event_Enable>
		<Notify_Type>0</Notify_Type>
		<Time_Delay>0</Time_Delay>
		<Notification_Class>1</Notification_Class>
	</key>
	<key  number="1001201">
		<Object_Name>ANALOG VALUE1</Object_Name>
		<Description>ANALOG VALUE 1</Description>
		<COV_Increment>0.500</COV_Increment>
		<High_Limit>100</High_Limit>
		<Low_Limit>0.000</Low_Limit>
		<Deadband>0.000</Deadband>
		<Limit_Enable>0</Limit_Enable>
		<Event_Enable>0</Event_Enable>
		<Notify_Type>0</Notify_Type>
		<Time_Delay>0</Time_Delay>
		<Notification_Class>1</Notification_Class>
	</key>
	<key  number="1001202">
		<Object_Name>ANALOG VALUE2</Object_Name>
		<Description>ANALOG VALUE 2</Description>
		<COV_Increment>0.500</COV_Increment>
		<High_Limit>100</High_Limit>
		<Low_Limit>0.000</Low_Limit>
		<Deadband>0.000</Deadband>
		<Limit_Enable>0</Limit_Enable>
		<Event_Enable>0</Event_Enable>
		<Notify_Type>0</Notify_Type>
		<Time_Delay>0</Time_Delay>
		<Notification_Class>1</Notification_Class>
	</key>
	<key  number="1001203">
		<Object_Name>ANALOG VALUE3</Object_Name>
		<Description>ANALOG VALUE 3</Description>
		<COV_Increment>0.500</COV_Increment>
		<High_Limit>100</High_Limit>
		<Low_Limit>0.000</Low_Limit>
		<Deadband>0.000</Deadband>
		<Limit_Enable>0</Limit_Enable>
		<Event_Enable>0</Event_Enable>
		<Notify_Type>0</Notify_Type>
		<Time_Delay>0</Time_Delay>
		<Notification_Class>1</Notification_Class>
	</key>
	<key  number="1001301">
		<Object_Name>BINARY_INPUT1</Object_Name>
		<Description>BINARY_INPUT 1</Description>
		<Device_Type>normal open</Device_Type>
		<Inactive_Text>Off</Inactive_Text>
		<Active_Text>On</Active_Text>
		<Event_Enable>0</Event_Enable>
		<Notify_Type>0</Notify_Type>
		<Time_Delay>0</Time_Delay>
		<Alarm_Value>0</Alarm_Value>
		<Notification_Class>1</Notification_Class>
	</key>
	<key  number="1001302">
		<Object_Name>BINARY_INPUT2</Object_Name>
		<Description>BINARY_INPUT 2</Description>
		<Device_Type>normal open</Device_Type>
		<Inactive_Text>Off</Inactive_Text>
		<Active_Text>On</Active_Text>
		<Event_Enable>0</Event_Enable>
		<Notify_Type>0</Notify_Type>
		<Time_Delay>0</Time_Delay>
		<Alarm_Value>0</Alarm_Value>
		<Notification_Class>1</Notification_Class>
	</key>
	<key  number="1001303">
		<Object_Name>BINARY_INPUT3</Object_Name>
		<Description>BINARY_INPUT 3</Description>
		<Device_Type>normal open</Device_Type>
		<Inactive_Text>Off</Inactive_Text>
		<Active_Text>On</Active_Text>
		<Event_Enable>0</Event_Enable>
		<Notify_Type>0</Notify_Type>
		<Time_Delay>0</Time_Delay>
		<Alarm_Value>0</Alarm_Value>
		<Notification_Class>1</Notification_Class>
	</key> <key  number="1001304">
	<Object_Name>BINARY_INPUT4</Object_Name>
	<Description>BINARY_INPUT 4</Description>
	<Device_Type>normal open</Device_Type>
	<Inactive_Text>Off</Inactive_Text>
	<Active_Text>On</Active_Text>
	<Event_Enable>0</Event_Enable>
	<Notify_Type>0</Notify_Type>
	<Time_Delay>0</Time_Delay>
	<Alarm_Value>0</Alarm_Value>
	<Notification_Class>1</Notification_Class>
</key>

	<key  number="1001305">
		<Object_Name>BINARY_INPUT5</Object_Name>
		<Description>BINARY_INPUT 5</Description>
		<Device_Type>normal open</Device_Type>
		<Inactive_Text>Off</Inactive_Text>
		<Active_Text>On</Active_Text>
		<Event_Enable>0</Event_Enable>
		<Notify_Type>0</Notify_Type>
		<Time_Delay>0</Time_Delay>
		<Alarm_Value>0</Alarm_Value>
		<Notification_Class>1</Notification_Class>
	</key>
	<key  number="1001306">
		<Object_Name>BINARY_INPUT6</Object_Name>
		<Description>BINARY_INPUT 6</Description>
		<Device_Type>normal open</Device_Type>
		<Inactive_Text>Off</Inactive_Text>
		<Active_Text>On</Active_Text>
		<Event_Enable>0</Event_Enable>
		<Notify_Type>0</Notify_Type>
		<Time_Delay>0</Time_Delay>
		<Alarm_Value>0</Alarm_Value>
		<Notification_Class>1</Notification_Class>
	</key> <key  number="1001307">
	<Object_Name>BINARY_INPUT7</Object_Name>
	<Description>BINARY_INPUT 7</Description>
	<Device_Type>normal open</Device_Type>
	<Inactive_Text>Off</Inactive_Text>
	<Active_Text>On</Active_Text>
	<Event_Enable>0</Event_Enable>
	<Notify_Type>0</Notify_Type>
	<Time_Delay>0</Time_Delay>
	<Alarm_Value>0</Alarm_Value>
	<Notification_Class>1</Notification_Class>
</key> <key  number="1001308">
	<Object_Name>BINARY_INPUT8</Object_Name>
	<Description>BINARY_INPUT 8</Description>
	<Device_Type>normal open</Device_Type>
	<Inactive_Text>Off</Inactive_Text>
	<Active_Text>On</Active_Text>
	<Event_Enable>0</Event_Enable>
	<Notify_Type>0</Notify_Type>
	<Time_Delay>0</Time_Delay>
	<Alarm_Value>0</Alarm_Value>
	<Notification_Class>1</Notification_Class>
</key>
	<key  number="1001401">
		<Object_Name>BINARY_OUTPUT 1</Object_Name>
		<Description>BINARY_OUTPUT 1</Description>
		<Device_Type>normal</Device_Type>
		<Inactive_Text>Off</Inactive_Text>
		<Active_Text>On</Active_Text>
		<Event_Enable>0</Event_Enable>
		<Notify_Type>0</Notify_Type>
		<Time_Delay>0</Time_Delay>
		<Alarm_Value>0</Alarm_Value>
		<Notification_Class>1</Notification_Class>
	</key>
	<key  number="1001402">
		<Object_Name>BINARY_OUTPUT 2</Object_Name>
		<Description>BINARY_OUTPUT 2</Description>
		<Device_Type>normal</Device_Type>
		<Inactive_Text>Off</Inactive_Text>
		<Active_Text>On</Active_Text>
		<Event_Enable>0</Event_Enable>
		<Notify_Type>0</Notify_Type>
		<Time_Delay>0</Time_Delay>
		<Alarm_Value>0</Alarm_Value>
		<Notification_Class>1</Notification_Class>
	</key>
	<key  number="1001403">
		<Object_Name>BINARY_OUTPUT 3</Object_Name>
		<Description>BINARY_OUTPUT 3</Description>
		<Device_Type>normal</Device_Type>
		<Inactive_Text>Off</Inactive_Text>
		<Active_Text>On</Active_Text>
		<Event_Enable>0</Event_Enable>
		<Notify_Type>0</Notify_Type>
		<Time_Delay>0</Time_Delay>
		<Alarm_Value>0</Alarm_Value>
		<Notification_Class>1</Notification_Class>
	</key>

	<key  number="1001501">
		<Object_Name>BINARY_VALUE1</Object_Name>
		<Description>BINARY_VALUE1</Description>
		<Device_Type>normal</Device_Type>
		<Inactive_Text>Off</Inactive_Text>
		<Active_Text>On</Active_Text>
		<Event_Enable>0</Event_Enable>
		<Notify_Type>0</Notify_Type>
		<Time_Delay>0</Time_Delay>
		<Alarm_Value>0</Alarm_Value>
		<Notification_Class>1</Notification_Class>
	</key>
	<key  number="1001502">
		<Object_Name>BINARY_VALUE2</Object_Name>
		<Description>BINARY_VALUE2</Description>
		<Device_Type>normal</Device_Type>
		<Inactive_Text>Off</Inactive_Text>
		<Active_Text>On</Active_Text>
		<Event_Enable>0</Event_Enable>
		<Notify_Type>0</Notify_Type>
		<Time_Delay>0</Time_Delay>
		<Alarm_Value>0</Alarm_Value>
		<Notification_Class>1</Notification_Class>
	</key>

	<key  number="1001503">
		<Object_Name>BINARY_VALUE3</Object_Name>
		<Description>BINARY_VALUE3</Description>
		<Device_Type>normal</Device_Type>
		<Inactive_Text>Off</Inactive_Text>
		<Active_Text>On</Active_Text>
		<Event_Enable>0</Event_Enable>
		<Notify_Type>0</Notify_Type>
		<Time_Delay>0</Time_Delay>
		<Alarm_Value>0</Alarm_Value>
		<Notification_Class>1</Notification_Class>
	</key>

	<key  number="1001601">
		<Object_Name>SCHEDULE 2</Object_Name>
		<Description>SCHEDULE 2</Description>
		<Priority_For_Writing>8</Priority_For_Writing>
	</key>
	<key  number="1001801">
		<Object_Name>i830Controller</Object_Name>
	</key>
</root>