{"datasArray":"[{\"t4365067547\":\"t9661809604\"},{\"t4792863030\":\"t1544746113\"},{\"t6790556996\":\"t9661809604\"},{\"t6000760821\":\"t8494208937\"},{\"t3484108445\":\"t9074136554\"},{\"t5465854913\":\"t9379961935\"},{\"t9075310844\":\"t339978793\"},{\"t2704967949\":\"t705208817\"},{\"t9816517431\":\"t7497505790\"},{\"t535575826\":\"t4265216672\"},{\"t9246339930\":\"t9824166262\"},{\"t8384199570\":\"t6450209091\"},{\"t4753642044\":\"t6929564792\"},{\"t6226172607\":\"t7120657104\"},{\"t1849911068\":\"t6489744593\"},{\"t9320394215\":\"t1431971723\"}]","plants":"[{\"name\":\"SCFM\",\"selected\":false,\"id\":\"p56684229150414\"},{\"name\":\"Mode\",\"selected\":false,\"id\":\"p91060184314847\"},{\"name\":\"local\",\"selected\":false,\"id\":\"p62566405045799\"},{\"name\":\"Control\",\"selected\":true,\"id\":\"p40000002225860\"}]","gridpanelConfigs":"[{\"typegrid\":{\"icon\":\"resources/img/SVG/SCFM.svg\",\"title\":\"SCFM\",\"x\":288,\"y\":84,\"trsIds\":\"[\\\"t9318032558\\\",\\\"t1544746113\\\",\\\"t4365067547\\\"]\"},\"store\":{\"data\":[{\"name\":\"mode\",\"value\":\"SCFM\",\"select\":[{\"name\":\"SCFM\",\"value\":\"0\",\"id\":\"extModel363-1\"},{\"name\":\"Vento\",\"value\":\"1\",\"id\":\"extModel363-2\"}]},{\"name\":\"Out\",\"value\":\"0\"},{\"name\":\"In\",\"value\":\"0\"}],\"fields\":[\"name\",\"value\"]},\"datas\":{\"isAddSlot\":false,\"plantId\":\"p56684229150414\",\"type\":\"74\"}},{\"typegrid\":{\"icon\":\"resources/img/SVG/AI.svg\",\"title\":\"DiffPressure\",\"x\":34,\"y\":82,\"trsIds\":\"[\\\"t9661809604\\\",\\\"t1317706508\\\"]\"},\"store\":{\"data\":[{\"name\":\"Out\",\"value\":\"0\"},{\"name\":\"Instance\",\"value\":2}],\"fields\":[\"name\",\"value\"]},\"datas\":{\"isAddSlot\":false,\"plantId\":\"p56684229150414\",\"type\":0,\"value\":\"1028002\"}},{\"typegrid\":{\"icon\":\"resources/img/SVG/AV.svg\",\"title\":\"SCFM\",\"x\":612,\"y\":97,\"trsIds\":\"[\\\"t734067235\\\",\\\"t6410001690\\\",\\\"t4792863030\\\"]\"},\"store\":{\"data\":[{\"name\":\"Out\",\"value\":\"0\"},{\"name\":\"Instance\",\"value\":1},{\"name\":\"In\",\"value\":\"\"}],\"fields\":[\"name\",\"value\"]},\"datas\":{\"isAddSlot\":false,\"plantId\":\"p56684229150414\",\"type\":2,\"value\":\"1028201\"}},{\"typegrid\":{\"icon\":\"resources/img/SVG/AV.svg\",\"title\":\"Vento\",\"x\":617,\"y\":221,\"trsIds\":\"[\\\"t4094765994\\\",\\\"t6188283145\\\",\\\"t6000760821\\\"]\"},\"store\":{\"data\":[{\"name\":\"Out\",\"value\":\"0\"},{\"name\":\"Instance\",\"value\":5},{\"name\":\"In\",\"value\":\"\"}],\"fields\":[\"name\",\"value\"]},\"datas\":{\"isAddSlot\":false,\"plantId\":\"p56684229150414\",\"type\":2,\"value\":\"1028205\"}},{\"typegrid\":{\"icon\":\"resources/img/SVG/SCFM.svg\",\"title\":\"SCFM\",\"x\":292,\"y\":217,\"trsIds\":\"[\\\"t5057595779\\\",\\\"t8494208937\\\",\\\"t6790556996\\\"]\"},\"store\":{\"data\":[{\"name\":\"mode\",\"value\":\"Vento\",\"select\":[{\"name\":\"SCFM\",\"value\":\"0\",\"id\":\"extModel636-1\"},{\"name\":\"Vento\",\"value\":\"1\",\"id\":\"extModel636-2\"}]},{\"name\":\"Out\",\"value\":\"0\"},{\"name\":\"In\",\"value\":\"0\"}],\"fields\":[\"name\",\"value\"]},\"datas\":{\"isAddSlot\":false,\"plantId\":\"p56684229150414\",\"type\":\"74\"}},{\"typegrid\":{\"icon\":\"resources/img/SVG/Switch.svg\",\"title\":\"Switch\",\"x\":370,\"y\":66,\"trsIds\":\"[\\\"t9824166262\\\",\\\"t8384199570\\\",\\\"t3484108445\\\",\\\"t4753642044\\\"]\"},\"store\":{\"data\":[{\"name\":\"Out\",\"value\":\"0\"},{\"name\":\"In\",\"value\":\"0\"},{\"name\":\"In\",\"value\":\"0\"},{\"name\":\"Enable\",\"value\":\"Enable\",\"select\":[{\"name\":\"Enable\",\"value\":\"1\"},{\"name\":\"Disable\",\"value\":\"0\"}]}],\"fields\":[\"name\",\"value\"]},\"datas\":{\"isAddSlot\":false,\"plantId\":\"p91060184314847\",\"type\":\"64\"}},{\"typegrid\":{\"icon\":\"resources/img/SVG/BV.svg\",\"title\":\"BINARY_VALUE 1\",\"x\":31,\"y\":391,\"trsIds\":\"[\\\"t6929564792\\\",\\\"t3815702679\\\",\\\"t4561198551\\\"]\"},\"store\":{\"data\":[{\"name\":\"Out\",\"value\":\"0\"},{\"name\":\"Instance\",\"value\":1},{\"name\":\"In\",\"value\":\"\"}],\"fields\":[\"name\",\"value\"]},\"datas\":{\"isAddSlot\":false,\"plantId\":\"p91060184314847\",\"type\":5,\"value\":\"1028501\"}},{\"typegrid\":{\"icon\":\"resources/img/SVG/scale.svg\",\"title\":\"scale\",\"x\":604,\"y\":99,\"trsIds\":\"[\\\"t7120657104\\\",\\\"t9246339930\\\"]\"},\"store\":{\"data\":[{\"name\":\"Out\",\"value\":\"0\"},{\"name\":\"In\",\"value\":\"0\"}],\"fields\":[\"name\",\"value\"]},\"datas\":{\"isAddSlot\":false,\"plantId\":\"p91060184314847\",\"type\":\"75\"}},{\"typegrid\":{\"icon\":\"resources/img/SVG/fa.svg\",\"title\":\"fa\",\"x\":33,\"y\":52,\"trsIds\":\"[\\\"t9074136554\\\",\\\"t4287472905\\\"]\"},\"store\":{\"data\":[{\"name\":\"Out\",\"value\":\"0\"},{\"name\":\"In\",\"value\":\"100\"}],\"fields\":[\"name\",\"value\"]},\"datas\":{\"isAddSlot\":false,\"plantId\":\"p91060184314847\",\"type\":\"54\"}},{\"typegrid\":{\"icon\":\"resources/img/SVG/Switch.svg\",\"title\":\"Switch\",\"x\":392,\"y\":116,\"trsIds\":\"[\\\"t705208817\\\",\\\"t6226172607\\\",\\\"t9075310844\\\",\\\"t5465854913\\\"]\"},\"store\":{\"data\":[{\"name\":\"Out\",\"value\":\"0\"},{\"name\":\"In\",\"value\":\"0\"},{\"name\":\"In\",\"value\":\"0\"},{\"name\":\"Enable\",\"value\":\"Enable\",\"select\":[{\"name\":\"Enable\",\"value\":\"1\"},{\"name\":\"Disable\",\"value\":\"0\"}]}],\"fields\":[\"name\",\"value\"]},\"datas\":{\"isAddSlot\":false,\"plantId\":\"p62566405045799\",\"type\":\"64\"}},{\"typegrid\":{\"icon\":\"resources/img/SVG/BI.svg\",\"title\":\"local\",\"x\":118,\"y\":217,\"trsIds\":\"[\\\"t9379961935\\\",\\\"t9540856971\\\"]\"},\"store\":{\"data\":[{\"name\":\"Out\",\"value\":\"0\"},{\"name\":\"Instance\",\"value\":1}],\"fields\":[\"name\",\"value\"]},\"datas\":{\"isAddSlot\":false,\"plantId\":\"p62566405045799\",\"type\":3,\"value\":\"1028301\"}},{\"typegrid\":{\"icon\":\"resources/img/SVG/AI.svg\",\"title\":\"OutControl\",\"x\":132,\"y\":81,\"trsIds\":\"[\\\"t339978793\\\",\\\"t9801311984\\\"]\"},\"store\":{\"data\":[{\"name\":\"Out\",\"value\":\"0\"},{\"name\":\"Instance\",\"value\":3}],\"fields\":[\"name\",\"value\"]},\"datas\":{\"isAddSlot\":false,\"plantId\":\"p62566405045799\",\"type\":0,\"value\":\"1028003\"}},{\"typegrid\":{\"icon\":\"resources/img/SVG/scale.svg\",\"title\":\"scale\",\"x\":657,\"y\":135,\"trsIds\":\"[\\\"t6489744593\\\",\\\"t2704967949\\\"]\"},\"store\":{\"data\":[{\"name\":\"Out\",\"value\":\"0\"},{\"name\":\"In\",\"value\":\"0\"}],\"fields\":[\"name\",\"value\"]},\"datas\":{\"isAddSlot\":false,\"plantId\":\"p62566405045799\",\"type\":\"75\"}},{\"typegrid\":{\"icon\":\"resources/img/SVG/AI.svg\",\"title\":\"Temp.\",\"x\":35,\"y\":45,\"trsIds\":\"[\\\"t7497505790\\\",\\\"t3768532746\\\"]\"},\"store\":{\"data\":[{\"name\":\"Out\",\"value\":\"0\"},{\"name\":\"Instance\",\"value\":1}],\"fields\":[\"name\",\"value\"]},\"datas\":{\"isAddSlot\":false,\"plantId\":\"p40000002225860\",\"type\":0,\"value\":\"1028001\"}},{\"typegrid\":{\"icon\":\"resources/img/SVG/AV.svg\",\"title\":\"Tempset\",\"x\":243,\"y\":193,\"trsIds\":\"[\\\"t4265216672\\\",\\\"t9295713170\\\",\\\"t9320394215\\\"]\"},\"store\":{\"data\":[{\"name\":\"Out\",\"value\":\"0\"},{\"name\":\"Instance\",\"value\":3},{\"name\":\"In\",\"value\":\"22\"}],\"fields\":[\"name\",\"value\"]},\"datas\":{\"isAddSlot\":false,\"plantId\":\"p40000002225860\",\"type\":2,\"value\":\"1028203\"}},{\"typegrid\":{\"icon\":\"resources/img/SVG/fa.svg\",\"title\":\"fa\",\"x\":40,\"y\":297,\"trsIds\":\"[\\\"t1431971723\\\",\\\"t1072392214\\\"]\"},\"store\":{\"data\":[{\"name\":\"Out\",\"value\":\"0\"},{\"name\":\"In\",\"value\":\"26\"}],\"fields\":[\"name\",\"value\"]},\"datas\":{\"isAddSlot\":false,\"plantId\":\"p40000002225860\",\"type\":\"54\"}},{\"typegrid\":{\"icon\":\"resources/img/SVG/pid.svg\",\"title\":\"pid\",\"x\":519,\"y\":41,\"trsIds\":\"[\\\"t6450209091\\\",\\\"t9816517431\\\",\\\"t535575826\\\",\\\"t6519951676\\\",\\\"t7292692176\\\"]\"},\"store\":{\"data\":[{\"name\":\"Out\",\"value\":\"0\"},{\"name\":\"PV\",\"value\":\"0\"},{\"name\":\"SP\",\"value\":\"0\"},{\"name\":\"Enable\",\"value\":\"Enable\",\"select\":[{\"name\":\"Enable\",\"value\":\"1\"},{\"name\":\"Disable\",\"value\":\"0\"}]},{\"name\":\"Direction\",\"value\":\"Derect\",\"select\":[{\"name\":\"Derect\",\"value\":\"0\"},{\"name\":\"Reverse\",\"value\":\"1\"}]}],\"fields\":[\"name\",\"value\"]},\"datas\":{\"isAddSlot\":true,\"plantId\":\"p40000002225860\",\"type\":\"67\"}},{\"typegrid\":{\"icon\":\"resources/img/SVG/AO.svg\",\"title\":\"Level\",\"x\":834,\"y\":122,\"trsIds\":\"[\\\"t3924766019\\\",\\\"t1018333551\\\",\\\"t1849911068\\\"]\"},\"store\":{\"data\":[{\"name\":\"Out\",\"value\":\"0\"},{\"name\":\"Instance\",\"value\":1},{\"name\":\"In\",\"value\":\"\"}],\"fields\":[\"name\",\"value\"]},\"datas\":{\"isAddSlot\":false,\"plantId\":\"p62566405045799\",\"type\":1,\"value\":\"1028101\"}}]"}